concat_figure_notes_code;country_iso3_code;concat_figure_notes_text;year;yearbook_table_id;quantity;yearbook_table_trans;bgs_commodity_code;units;bgs_statistic_type_trans;bgs_commodity_trans;concat_table_notes_code
;AUS;;01/01/1999 00:00;106;27000000;Production of crude petroleum;634;tonnes (metric);Production;petroleum, crude;1
;BHR;;01/01/1999 00:00;106;1870000;Production of crude petroleum;634;tonnes (metric);Production;petroleum, crude;1
;BLR;;01/01/1999 00:00;106;1840000;Production of crude petroleum;634;tonnes (metric);Production;petroleum, crude;1
;BRN;;01/01/1999 00:00;106;9700000;Production of crude petroleum;634;tonnes (metric);Production;petroleum, crude;1
;BGR;;01/01/1999 00:00;106;38700;Production of crude petroleum;634;tonnes (metric);Production;petroleum, crude;1
a;CHN;Including oil from shale and coal.;01/01/1999 00:00;106;160215400;Production of crude petroleum;634;tonnes (metric);Production;petroleum, crude;1
;COL;;01/01/1999 00:00;106;42041092;Production of crude petroleum;634;tonnes (metric);Production;petroleum, crude;1
;CUB;;01/01/1999 00:00;106;2136300;Production of crude petroleum;634;tonnes (metric);Production;petroleum, crude;1
;DNK;;01/01/1999 00:00;106;14931000;Production of crude petroleum;634;tonnes (metric);Production;petroleum, crude;1
;ECU;;01/01/1999 00:00;106;19011567;Production of crude petroleum;634;tonnes (metric);Production;petroleum, crude;1
;GNQ;;01/01/1999 00:00;106;5000000;Production of crude petroleum;634;tonnes (metric);Production;petroleum, crude;1
*|g;EST;Estimates.|From oil shale.;01/01/1999 00:00;106;1239000;Production of crude petroleum;634;tonnes (metric);Production;petroleum, crude;1
;FRA;;01/01/1999 00:00;106;1539131;Production of crude petroleum;634;tonnes (metric);Production;petroleum, crude;1
;GAB;;01/01/1999 00:00;106;17000000;Production of crude petroleum;634;tonnes (metric);Production;petroleum, crude;1
;GEO;;01/01/1999 00:00;106;91300;Production of crude petroleum;634;tonnes (metric);Production;petroleum, crude;1
;DEU;;01/01/1999 00:00;106;2740073;Production of crude petroleum;634;tonnes (metric);Production;petroleum, crude;1
;GHA;;01/01/1999 00:00;106;300000;Production of crude petroleum;634;tonnes (metric);Production;petroleum, crude;1
*;GRC;Estimates.;01/01/1999 00:00;106;300000;Production of crude petroleum;634;tonnes (metric);Production;petroleum, crude;1
;GTM;;01/01/1999 00:00;106;1177413;Production of crude petroleum;634;tonnes (metric);Production;petroleum, crude;1
;HUN;;01/01/1999 00:00;106;1272140;Production of crude petroleum;634;tonnes (metric);Production;petroleum, crude;1
f;IND;Years ended 31 March following that stated.;01/01/1999 00:00;106;31949000;Production of crude petroleum;634;tonnes (metric);Production;petroleum, crude;1
;IDN;;01/01/1999 00:00;106;68395000;Production of crude petroleum;634;tonnes (metric);Production;petroleum, crude;1
;IRN;;01/01/1999 00:00;106;176200000;Production of crude petroleum;634;tonnes (metric);Production;petroleum, crude;1
;IRQ;;01/01/1999 00:00;106;133906000;Production of crude petroleum;634;tonnes (metric);Production;petroleum, crude;1
;ISR;;01/01/1999 00:00;106;4100;Production of crude petroleum;634;tonnes (metric);Production;petroleum, crude;1
;ITA;;01/01/1999 00:00;106;5049417;Production of crude petroleum;634;tonnes (metric);Production;petroleum, crude;1
;CIV;;01/01/1999 00:00;106;1373000;Production of crude petroleum;634;tonnes (metric);Production;petroleum, crude;1
;JPN;;01/01/1999 00:00;106;666000;Production of crude petroleum;634;tonnes (metric);Production;petroleum, crude;1
;JOR;;01/01/1999 00:00;106;2174;Production of crude petroleum;634;tonnes (metric);Production;petroleum, crude;1
;KAZ;;01/01/1999 00:00;106;30130400;Production of crude petroleum;634;tonnes (metric);Production;petroleum, crude;1
;LBY;;01/01/1999 00:00;106;62028000;Production of crude petroleum;634;tonnes (metric);Production;petroleum, crude;1
;MEX;;01/01/1999 00:00;106;155047000;Production of crude petroleum;634;tonnes (metric);Production;petroleum, crude;1
#;NOR;Break in series.;01/01/1999 00:00;106;149782000;Production of crude petroleum;634;tonnes (metric);Production;petroleum, crude;1
;PNG;;01/01/1999 00:00;106;4100452;Production of crude petroleum;634;tonnes (metric);Production;petroleum, crude;1
;PER;;01/01/1999 00:00;106;5219862;Production of crude petroleum;634;tonnes (metric);Production;petroleum, crude;1
;PHL;;01/01/1999 00:00;106;43000;Production of crude petroleum;634;tonnes (metric);Production;petroleum, crude;1
;POL;;01/01/1999 00:00;106;424806;Production of crude petroleum;634;tonnes (metric);Production;petroleum, crude;1
;QAT;;01/01/1999 00:00;106;36000000;Production of crude petroleum;634;tonnes (metric);Production;petroleum, crude;1
;RUS;;01/01/1999 00:00;106;305000000;Production of crude petroleum;634;tonnes (metric);Production;petroleum, crude;1
;UZB;;01/01/1999 00:00;106;8100000;Production of crude petroleum;634;tonnes (metric);Production;petroleum, crude;1
;VEN;;01/01/1999 00:00;106;160175000;Production of crude petroleum;634;tonnes (metric);Production;petroleum, crude;1
;VNM;;01/01/1999 00:00;106;15200000;Production of crude petroleum;634;tonnes (metric);Production;petroleum, crude;1
;YEM;;01/01/1999 00:00;106;18770000;Production of crude petroleum;634;tonnes (metric);Production;petroleum, crude;1
;AUT;;01/01/1999 00:00;106;962393;Production of crude petroleum;634;tonnes (metric);Production;petroleum, crude;1
;AZE;;01/01/1999 00:00;106;13800000;Production of crude petroleum;634;tonnes (metric);Production;petroleum, crude;1
;BRB;;01/01/1999 00:00;106;97113;Production of crude petroleum;634;tonnes (metric);Production;petroleum, crude;1
;BOL;;01/01/1999 00:00;106;1355157;Production of crude petroleum;634;tonnes (metric);Production;petroleum, crude;1
;BRA;;01/01/1999 00:00;106;58310277;Production of crude petroleum;634;tonnes (metric);Production;petroleum, crude;1
;CMR;;01/01/1999 00:00;106;4800000;Production of crude petroleum;634;tonnes (metric);Production;petroleum, crude;1
;CAN;;01/01/1999 00:00;106;101744300;Production of crude petroleum;634;tonnes (metric);Production;petroleum, crude;1
;TCD;;01/01/1999 00:00;106;0;Production of crude petroleum;634;tonnes (metric);Production;petroleum, crude;1
;CHL;;01/01/1999 00:00;106;335558;Production of crude petroleum;634;tonnes (metric);Production;petroleum, crude;1
;COD;;01/01/1999 00:00;106;12775737;Production of crude petroleum;634;tonnes (metric);Production;petroleum, crude;1
;COD;;01/01/1999 00:00;106;12500000;Production of crude petroleum;634;tonnes (metric);Production;petroleum, crude;1
;HRV;;01/01/1999 00:00;106;1292665;Production of crude petroleum;634;tonnes (metric);Production;petroleum, crude;1
;CZE;;01/01/1999 00:00;106;176000;Production of crude petroleum;634;tonnes (metric);Production;petroleum, crude;1
;EGY;;01/01/1999 00:00;106;38000000;Production of crude petroleum;634;tonnes (metric);Production;petroleum, crude;1
;ESP;;01/01/1999 00:00;106;304292;Production of crude petroleum;634;tonnes (metric);Production;petroleum, crude;1
;SDN;;01/01/1999 00:00;106;3100000;Production of crude petroleum;634;tonnes (metric);Production;petroleum, crude;1
;SUR;;01/01/1999 00:00;106;700000;Production of crude petroleum;634;tonnes (metric);Production;petroleum, crude;1
;SYR;;01/01/1999 00:00;106;28800000;Production of crude petroleum;634;tonnes (metric);Production;petroleum, crude;1
;TWN;;01/01/1999 00:00;106;43000;Production of crude petroleum;634;tonnes (metric);Production;petroleum, crude;1
;TJK;;01/01/1999 00:00;106;20000;Production of crude petroleum;634;tonnes (metric);Production;petroleum, crude;1
;THA;;01/01/1999 00:00;106;4500000;Production of crude petroleum;634;tonnes (metric);Production;petroleum, crude;1
;TTO;;01/01/1999 00:00;106;6439502;Production of crude petroleum;634;tonnes (metric);Production;petroleum, crude;1
;TUN;;01/01/1999 00:00;106;3938000;Production of crude petroleum;634;tonnes (metric);Production;petroleum, crude;1
;TUR;;01/01/1999 00:00;106;2938479;Production of crude petroleum;634;tonnes (metric);Production;petroleum, crude;1
;TKM;;01/01/1999 00:00;106;7159800;Production of crude petroleum;634;tonnes (metric);Production;petroleum, crude;1
;UKR;;01/01/1999 00:00;106;3797900;Production of crude petroleum;634;tonnes (metric);Production;petroleum, crude;1
;ARE;;01/01/1999 00:00;106;117600000;Production of crude petroleum;634;tonnes (metric);Production;petroleum, crude;1
;GBR;;01/01/1999 00:00;106;257417000;Production of crude petroleum;634;tonnes (metric);Production;petroleum, crude;1
;USA;;01/01/1999 00:00;106;358300000;Production of crude petroleum;634;tonnes (metric);Production;petroleum, crude;1
;ALB;;01/01/1999 00:00;106;268000;Production of crude petroleum;634;tonnes (metric);Production;petroleum, crude;1
;DZA;;01/01/1999 00:00;106;56231000;Production of crude petroleum;634;tonnes (metric);Production;petroleum, crude;1
;AGO;;01/01/1999 00:00;106;36700000;Production of crude petroleum;634;tonnes (metric);Production;petroleum, crude;1
;ARG;;01/01/1999 00:00;106;42423518;Production of crude petroleum;634;tonnes (metric);Production;petroleum, crude;1
c;KWT;Including shares of production from the Neutral Zone.;01/01/1999 00:00;106;98300000;Production of crude petroleum;634;tonnes (metric);Production;petroleum, crude;1
;KGZ;;01/01/1999 00:00;106;77000;Production of crude petroleum;634;tonnes (metric);Production;petroleum, crude;1
;LTU;;01/01/1999 00:00;106;232500;Production of crude petroleum;634;tonnes (metric);Production;petroleum, crude;1
;MYS;;01/01/1999 00:00;106;33000000;Production of crude petroleum;634;tonnes (metric);Production;petroleum, crude;1
;MNG;;01/01/1999 00:00;106;10000;Production of crude petroleum;634;tonnes (metric);Production;petroleum, crude;1
;MAR;;01/01/1999 00:00;106;11300;Production of crude petroleum;634;tonnes (metric);Production;petroleum, crude;1
;MMR;;01/01/1999 00:00;106;490000;Production of crude petroleum;634;tonnes (metric);Production;petroleum, crude;1
#;NLD;Break in series.;01/01/1999 00:00;106;2534710;Production of crude petroleum;634;tonnes (metric);Production;petroleum, crude;1
;NZL;;01/01/1999 00:00;106;1811700;Production of crude petroleum;634;tonnes (metric);Production;petroleum, crude;1
;NGA;;01/01/1999 00:00;106;87877000;Production of crude petroleum;634;tonnes (metric);Production;petroleum, crude;1
;OMN;;01/01/1999 00:00;106;45049000;Production of crude petroleum;634;tonnes (metric);Production;petroleum, crude;1
b;PAK;Years ended 30 June of that stated.;01/01/1999 00:00;106;2665000;Production of crude petroleum;634;tonnes (metric);Production;petroleum, crude;1
;ROU;;01/01/1999 00:00;106;6140000;Production of crude petroleum;634;tonnes (metric);Production;petroleum, crude;1
c;SAU;Including shares of production from the Neutral Zone.;01/01/1999 00:00;106;419100000;Production of crude petroleum;634;tonnes (metric);Production;petroleum, crude;1
;SEN;;01/01/1999 00:00;106;71700;Production of crude petroleum;634;tonnes (metric);Production;petroleum, crude;1
;SCG;;01/01/1999 00:00;106;704838;Production of crude petroleum;634;tonnes (metric);Production;petroleum, crude;1
;SVK;;01/01/1999 00:00;106;60270;Production of crude petroleum;634;tonnes (metric);Production;petroleum, crude;1
;ZAF;;01/01/1999 00:00;106;1012000;Production of crude petroleum;634;tonnes (metric);Production;petroleum, crude;1
